AA_seq	CloneFreq
CASRQGLNYGYTF	0.120653
CATSELASGKGYTF	0.102936
CASSRDRYGYTF	0.084932
CASSLAGGYTF	0.057713
CASGERMGQIYGYTF	0.056657
CASSPSTTGFYGYTF	0.054925
CASSAGASGYTF	0.051224
CASSSRQGAADGYTF	0.051099
CASSRDRGDYGYTF	0.038771
CASSDTLTVNRGYTF	0.035908
CASSRGQALHYTF	0.033189
CASSLVQDYGYTF	0.025443
CASRRSGTYGYTF	0.020167
CASTARTGGNYGYTF	0.018285
CASSLDSRYGYTF	0.017592
CASSPQGALGYTF	0.017354
CASSYGAYGYTF	0.015766
CASSFRDRDSGYTF	0.013522
CASSSGNNYGYTF	0.012509
CASRGDRGLPLYYGYTF	0.010321
CASSHSNYGYTF	0.008927
CASTPGRYFRYTF	0.008414
CASSLGQGSGYTF	0.008371
CASSSGPFDGYTF	0.007896
CASSLRAGGDGYTF	0.007477
CASSSGHLYGYTF	0.007458
CASSRPPDHYGYTF	0.00732
CASRPGQGNYGYTF	0.007258
CASSFGQGANYGYTF	0.006958
CASSLATGSYGYTF	0.006858
CASSLPHSFNYGYTF	0.006802
CASSPRGNGYTF	0.006752
CASTLMGQGGGYTF	0.006502
CASARPRQAYGYTF	0.005689
CASSLGDTAYGYTF	0.005545
CASSLDTNYGYTF	0.005364
CASSPLTRSYGYTF	0.005064
CASSLASQGSHTF	0.004989
CASSLGDGYGYTF	0.004776
CASSFVQTGGRGYTF	0.004476
CASGLRENYGYTF	0.004432
CASRIQGNYGYTF	0.004426
CASGLALTRVGGGYTF	0.004057
CASSSRGTGGASYGYTF	0.003876
CASSRDRAQGGYTF	0.003401
CASGTGVRWGYTF	0.003113
CASSLGLNYGYTF	0.0015
CASSPQGAADGYTF	0.00075
CASSRDRDSGYTF	0.000356
CASSSRQGALGYTF	0.000288
