AA_seq,Label
CASSLEASQETQYF,LIHC
CASSPIAGVKEQYF,LIHC
CASSLDFLETQYF,LIHC
CASSFGARSYNEQFF,LIHC
CASGQGPREPQHF,LIHC
CASSLWRTGNTIYF,LIHC
CVSSQTPGGGKETQYF,LIHC
CASSVETGDTGELFF,LIHC
CASSYEVPYEQYF,LIHC
CASSYRVEYSNQPQHF,LIHC
CASSSQETQYF,LIHC
CASSAGTDLFSGNTIYF,LIHC
CASSLLAGGPPYEQYF,LIHC
CASSPGRRFYEQYF,LIHC
CASSLIDGAYEQYF,LIHC
CASSYAVDGTGELFF,LIHC
CASSSLASYNEQFF,LIHC
CASSPPQGPTGELFF,LIHC
CASSLARLALGKKETQYF,LIHC
CASSLDRTGELFF,LIHC
CASSLGYLREQYF,LIHC
CASSLRSPYEQYF,LIHC
CSVETGSTEAFF,LIHC
CASSSTRSGRSGELFF,LIHC
CASSLGGTWNEQFF,LIHC
CTSSQTPGGGKETQYF,LIHC
CASSYSRGSGRETQYF,LIHC
CASSHEGERYTEAFF,LIHC
CASSLDQQGIVYNEQFF,LIHC
CASSLAGTKQYF,LIHC
CASSRGSVTDTQYF,LIHC
CASSLGGTALGGYTF,LIHC
CASSPDRGSEQFF,LIHC
CASSQEERAVTQYF,LIHC
CASSALAYEQYF,LIHC
CASSYKDSSSYEQYF,LIHC
CASSSNRNSYEQYF,LIHC
CASRGRGGEAFF,LIHC
CASSLESHTGELFF,LIHC
CASIRTGGSYEQYF,LIHC
CASSQDMGRGGGYTF,LIHC
CASAQGAGNTIYF,LIHC
CASSQGRAGGPGELFF,LIHC
CASSLPVSTDTQYF,LIHC
CASSQDKGSGYEQYF,LIHC
CSVDAGMGSGELFF,LIHC
CASSLYRLVSEQFF,LIHC
CASSLVTGTYEQYF,LIHC
CASSASTDTQYF,LIHC
CASMRLAGGRYNEQFF,LIHC
CSAGEAQNSPLHF,LIHC
CASREGTILSNEQFF,LIHC
CASSLEGLAWTDTQYF,LIHC
CASSLTSGSEQYF,LIHC
CAIRERDDTGELFF,LIHC
CAISGTVDTEAFF,LIHC
CASRYLGSQGDEQYF,LIHC
CSVEDAAGAPGELFF,LIHC
CASSYRTADTQYF,LIHC
CASGSEAGRTDTQYF,LIHC
CASSPQGHGANVLTF,LIHC
CASSTYPGSEETQYF,LIHC
CASSFSGRRTDTQYF,LIHC
CASSFPAGYEQYF,LIHC
CASSLETGGTEAFF,LIHC
CASSLDFGTPSSYEQYF,LIHC
CASSPTGSSPEAFF,LIHC
CASSYGGRTSGSEQYF,LIHC
CASPLTGVEQFF,LIHC
CASSLNSGRSQETQYF,LIHC
CASSYATPRETQYF,LIHC
CASSAVAGWVNNEQFF,LIHC
CSGRVAYEQYF,LIHC
CASSPSRGLVNTEAFF,LIHC
CASSLSERVQQYF,LIHC
CASSLSQNIQYF,LIHC
CASSLVVWTRQFF,LIHC
CASSGTGRRQFF,LIHC
CASSLALGGANTGELFF,LIHC
CASSSTGGRRYEQYF,LIHC
CASKRGSGAEQYF,LIHC
CASSSTGHGFLDEQFF,LIHC
CASSRGYTDTQYF,LIHC
CASSGSGWNEQYF,LIHC
CASSQTIALAGVTDTQYF,LIHC
CASSAPRGLALYEQYF,LIHC
CASSAGGPNEQFF,LIHC
CAWSPSGNNEQFF,LIHC
CASSLSGTSGRGEQFF,LIHC
CASSTRQGAEAFF,LIHC
CASSFGQGYTEAFF,LIHC
CASSLGVSGSYEQYF,LIHC
CSARPGGNEQFF,LIHC
CASSLDHTEAFF,LIHC
CASSYADVAFF,LIHC
CASSLVALGSPLHF,LIHC
CASRFEGETQYF,LIHC
CASSLGSNYEQYF,LIHC
CASSKQSAIYNSPLHF,LIHC
CSVVHWGGGYTF,LIHC
CASSPGTGGNYEQYF,LIHC
CASSFVDYTDTQYF,LIHC
CASSLTDGAYERYF,LIHC
CASSLTGSDYGYTF,LIHC
CASSPEMNRDTSKWYF,LIHC
CASSPIAGGVTDTQYF,LIHC
CASSITGGGSWTYEQYF,LIHC
CASSSGGSSVGARTDTQYF,LIHC
CASSYQRERPWQFF,LIHC
CSVGTSAANTGELFF,LIHC
CASSLTDGAHEQYF,LIHC
CASSDSYSNQPQHF,LIHC
CSGMDSGETQYF,LIHC
CASSPSTGGNTIYF,LIHC
CASSQGDRNYGYTF,LIHC
CASSFRDSTDTQYF,LIHC
CASSQGTGRTYEQYF,LIHC
CASSLKVAITEAFF,LIHC
CASRGKRSYEQYF,LIHC
CASSPRETSSTDTQYF,LIHC
CASSYGPYSREQFF,LIHC
CASSFDRDRVGTGELFF,LIHC
CASSEISYSNQPQHF,LIHC
CASSLYRETGNTIYF,LIHC
CASSLELYTDTQYF,LIHC
CASSLGGFGIGGTEAFF,LIHC
CASSQTPGGGKEIQYF,LIHC
CASSLEGGEINEQFF,LIHC
CSVRSGGAYGYTF,LIHC
CASSPPGRADTQYF,LIHC
CASSETANYGYTF,LIHC
CASSPQTHTDTQYF,LIHC
CASSSVAGGYGNEQFF,LIHC
CASSLEVGAEQFF,LIHC
CASSLVNSDTQYF,LIHC
CASSFIQGAIHNEQYF,LIHC
CASRVTANNEQFF,LIHC
CSVGSGWGMNTEAFF,LIHC
CASGKGTGDSPLHF,LIHC
CASSLFGAKEQYF,LIHC
CASTQGGGGGYTF,LIHC
CASSPWGGKLFF,LIHC
CASSLERGTDTQYF,LIHC
CASSTDRGNEQFF,LIHC
CASSHSGENSPLHF,LIHC
CASSQDWGRVNGYTF,LIHC
CASSFNTQETQYF,LIHC
CASSLNFGTSNQPQHF,LIHC
CASSLLTGVIYEQYF,LIHC
CASSSGTEYGYTF,LIHC
CASSLKNSPLHF,LIHC
CASSLLGGSGRTNEQFF,LIHC
CASSLMGDTQYF,LIHC
CASSFLNGEQFF,LIHC
CSAMTSGTGTPYEQYF,LIHC
CASSLSGTSGLEQFF,LIHC
CASSQEKGVTDTQYF,LIHC
CASSLGLAGNQETQYF,LIHC
CASSSPRAGGPNTGELFF,LIHC
CASSRSGTETQYF,LIHC
CSVEEERDGSYEQYF,LIHC
CASSLGAGGPGDTQYF,LIHC
CASSLDSYSNQPQHF,LIHC
CASSVLAGGPRSNTGELFF,LIHC
CASRPGQAASFYEQYF,LIHC
CASSTGGYTGELFF,LIHC
CASSPIAGAYYNEQFF,LIHC
CSVADRERVYF,LIHC
CASSLPYQGPKTNEQFF,LIHC
CASSLVPGRYNEQFF,LIHC
CASSRLDTGTDQPQHF,LIHC
CASSGQVEVETQYF,LIHC
CASSLAGGPLEQFF,LIHC
CASSPADRDYGYTF,LIHC
CASRGAGPDTQYF,LIHC
CASSLVVGLAGEEQYF,LIHC
CASSLGTSGKLEQFF,LIHC
CATQRPRSGANVLTF,LIHC
CSVETGRGVRETQYF,LIHC
CASLPPGVYTGELFF,LIHC
CASSLVALAGTGELFF,LIHC
CASSLDLGVAQPQHF,LIHC
CAIMGTEGGNTGELFF,LIHC
CASSRRQASYNEQFF,LIHC
CASSSTLDRGGQIGQYF,LIHC
CASSLVGGTNTGELFF,LIHC
CANSQTPGGGKETQYF,LIHC
CASSLGLAGEVDNEQFF,LIHC
CAISEAGQEQYF,LIHC
CASSLLAHQTEAFF,LIHC
CASSWDYRPYEQYF,LIHC
CSVLGPGPTGELFF,LIHC
CASSTDSDTGELFF,LIHC
CASSYSSTSGRGGGFF,LIHC
CASSLGFGAGAGGTDTQYF,LIHC
CSVEDVGQGETQYF,LIHC
CASGFLGTPNYEQYF,LIHC
CASSFGTDNEQFF,LIHC
CASSPMIEASQFF,LIHC
CASSDPLGYYNEQFF,LIHC
CASSRMGGQGFGTEAFF,LIHC
CASTEWGANVLTF,LIHC
CASSTDRGLTQYF,LIHC
CASSRELGNEQFF,LIHC
CSVFRDHGTQYF,LIHC
CASSRTRQGRGDTQYF,LIHC
CSAGGGANQPQHF,LIHC
CASSYNTQETQYF,LIHC
CASSQDRGAGDEQYF,LIHC
CASSLKGNSPLHF,LIHC
CASSLEISSYEQYF,LIHC
CASSPSNTGEQYF,LIHC
CASTPLEAAHYEQYF,LIHC
CASSFLTTAAETQYF,LIHC
CASSLTGIGELFF,LIHC
CASSSRTGGYEQYF,LIHC
CASSPPGQGVGKETQYF,LIHC
CASSPSQGSYEQYF,LIHC
CASSQDFSGSSYEQYF,LIHC
CASSHAGGQGNNEQFF,LIHC
CASSLNDAYEQFF,LIHC
CASSPRQIETQYF,LIHC
CASSSDFGGTYNEQFF,LIHC
CASSQDLGGGYEQYF,LIHC
CASSPGQLAYEQYF,LIHC
CASSSWDRGRNSPLHF,LIHC
CASSETLPGGAANTGELFF,LIHC
CASSQGLAGSPFYEQYF,LIHC
CASSLSVGISYEQYF,LIHC
CASSQNVAGARDEQFF,LIHC
CASREYRSSYNEQFF,LIHC
CASSLGEGLNEQFF,LIHC
CASSLTADTQYF,LIHC
CASSLKNTEAFF,LIHC
CASSQTPGGGKETQYF,LIHC
CASSFRLAGDFNEQFF,LIHC
CASSFRVGELFF,LIHC
CASSHRGAYNEQFF,LIHC
CASSLSELASQYF,LIHC
CASSAGLAGIVDTQYF,LIHC
CASSLTVGGTQYF,LIHC
CASSRVSGRITDTQYF,LIHC
CASIRLSGSDTQYF,LIHC
CSVVGQINQPQHF,LIHC
CASSLGLETQYF,LIHC
CASSLGQGANYGYTF,LIHC
CASKPSTDTQYF,LIHC
CASSLGAGDWGDTQYF,LIHC
CASSLGAGFGYTF,LIHC
CASSQNVRGAGNIQYF,LIHC
CASSLTGSGEYEQYF,LIHC
CASSYQYTDTQYF,LIHC
CASTLEYGDYEQYF,LIHC
CASSEGEGQGANTEAFF,LIHC
CASSQGQGVNSPLHF,LIHC
CASSRDRVFTGELFF,LIHC
CASSAPGQTNTGELFF,LIHC
CASSQVSSSSGEQFF,LIHC
CASSLISTDTQYF,LIHC
CSVSSNTEAFF,LIHC
CASSPRDARFYEQYF,LIHC
CASSPEGRLSQYGYTF,LIHC
CASSLDLGAGANVLTF,LIHC
CASSLESGRTDTQYF,LIHC
CASSQYSGGGYEQYF,LIHC
CASSDRSSYNEQFF,LIHC
CASSTRASSYEQYF,LIHC
CASSQDHAPEFQETQYF,LIHC
CASSFFGLAGGRISYEQYF,LIHC
CASSLGQGFEQFF,LIHC
CASSLGAAVNEKLFF,LIHC
CASSPQRGWDIQYF,LIHC
CASTRGTAINQPQHF,LIHC
CASSLGDKSEAFF,LIHC
CASSPEYNEQFF,LIHC
CASSQEHLGQGGPREQYF,LIHC
CASSFGLGRTDTQYF,LIHC
CASSLEYYNEQFF,LIHC
CASSFGRSTDTQYF,LIHC
CASSFPPPSTDTQYF,LIHC
CASTKGVEQYF,LIHC
CASSQDPSTSSQFF,LIHC
CASTDQVSSGSSDTQYF,LIHC
CASSFSGPLDNEQFF,LIHC
CASRHTDDEQYF,LIHC
CSVRTGGGDTQYF,LIHC
CASSPQANYEQYF,LIHC
CASSLDGPTDTQYF,LIHC
CASSLDGSNEQFF,LIHC
CAISESVSGNTIYF,LIHC
CASSSRGNNYEQYF,LIHC
CASRQLNEQFF,LIHC
CASSLELLAGMNEQFF,LIHC
CASSQLRGGDTEAFF,LIHC
CASSFTNTGELFF,LIHC
CASSPKAGLADTQYF,LIHC
CASRIGYHEQYF,LIHC
CASSLDSGGEQYF,LIHC
CASSLDLGGWEQYF,LIHC
CASTGGRVNTEAFF,LIHC
CASSLWANTGELFF,LIHC
CASSLVGTGGYTF,LIHC
CASSLESSVSYEQYF,LIHC
CASSPRVADSYNEQFF,LIHC
CASRPSLDTGELFF,LIHC
CASSKSTDTQYF,LIHC
CASSSAAGGNEQFF,LIHC
CASSERFLVLRSNYGYTF,LIHC
CATGQNNEKLFF,LIHC
CASSEWVFYEQYF,LIHC
CASSHHLQGADSPLHF,LIHC
CASSLEVGDEKLFF,LIHC
CASSSGTGDNIQYF,LIHC
CASSLLWAGTEAFF,LIHC
CASSRLAGGGYEQFF,LIHC
CASSVSGTGQHF,LIHC
CASSLRQRAGESHF,LIHC
CASSLTNGAYEQYF,LIHC
CASSQAVTGGHISYEQYF,LIHC
CSVEPLTSGTYNEQFF,LIHC
CASSRRSTGNTDTQYF,LIHC
CASSPDPQLNTGELFF,LIHC
CASSNPAASGSRTDTQYF,LIHC
CASSQDRVDTYNEQFF,LIHC
CASSLGRANEQFF,LIHC
CASSLAPRVTGELFF,LIHC
CASSDSSSSYNEQFF,LIHC
CASSLATASYEQYF,LIHC
CASSLVWSGRSYEQYF,LIHC
CASSQDGLARDEQFF,LIHC
CASSLAGTWQFF,LIHC
CASSLSGSGELFF,LIHC
CASSQDRETPYEQYF,LIHC
CAISPDRAQETQYF,LIHC
CASSSVKWQFF,LIHC
CASSLNRETQYF,LIHC
CACLGLSSAGELFF,LIHC
CASSSTGTGELFF,LIHC
CAISVARGTGELFF,LIHC
CASRWDRGFHGYTF,LIHC
CASSQLAGLTTDTQYF,LIHC
CSVRTSGSWAETQYF,LIHC
CASSFDGSYEQYF,LIHC
CASSLGLLAGDGEQFF,LIHC
CASSLDVSNSPLHF,LIHC
CASSPLGNNNNEQFF,LIHC
CASIGDRTYEQYF,LIHC
CASSHTELVNEQFF,LIHC
CASSFMGYEQYF,LIHC
CASRYTGGRAEAFF,LIHC
CSVAGGWGMNTEAFF,LIHC
CASSSPGGGPYNEQFF,LIHC
CASWGVDEDTQYF,LIHC
CASSLGRGRVDTQYF,LIHC
CASSLEYSSSYEQYF,LIHC
CASSPGTGIVETQYF,LIHC
CASSLGGTLPYEQYF,LIHC
CASSSGQGLFF,LIHC
CASSHTALSNEQYF,LIHC
CASSLDGMAGRGYTF,LIHC
CSVQGLAVYNEQFF,LIHC
CASRTGGFNQPQHF,LIHC
CASSTSGFYNEQFF,LIHC
CASSYNGQGSGYTF,LIHC
CASSQDLGSVETQYF,LIHC
CASSQEYGQGFWTEAFF,LIHC
CASSVDGHPPPTDTQYF,LIHC
CASSPPGTQVGKETQYF,LIHC
CASPITQGTNSPLHF,LIHC
CASSSSRDSSYEQYF,LIHC
CASNPGLAGTDTQYF,LIHC
CASSSGGLSYEQYF,LIHC
CASNLTDGAYEQYF,LIHC
CASSLGRVGEQYF,LIHC
CASSSFYGSNEQFF,LIHC
CASRLGTGELFF,LIHC
CASRPEGLAYEQYF,LIHC
CSVAPTGLHEQYF,LIHC
CASSFGQTLGTEAFF,LIHC
CASSPGRLLSGRDIQYF,LIHC
CASSFMTDPDYEQYF,LIHC
CASSPSSIQGTGRETQYF,LIHC
CASSFREGSEQYF,LIHC
CASSLQWGDTQYF,LIHC
CASSYTGPFSGELFF,LIHC
CASPSGTGYNEQYF,LIHC
CASSWTSGAEQFF,LIHC
CASSFQGPLDNEQFF,LIHC
CASSWAGGTGTQYF,LIHC
CASRVTSGRAGNEQFF,LIHC
CASSLLGNTEAFF,LIHC
CSVEGLNKETQYF,LIHC
CASRGWDTNTGELFF,LIHC
CASSHVRGRTGELFF,LIHC
CASSDVAGGSTDTQYF,LIHC
CATGQDQPSYNEQFF,LIHC
CASSPRTGFTGELFF,LIHC
CTSSLTDGAYEQYF,LIHC
CASSLAGREETQYF,LIHC
CASSLIGSGSSYEQYF,LIHC
CASSLASNQPQHF,LIHC
CASSLSVGLAGGGYEQYF,LIHC
CASSLDIGLAMGEQFF,LIHC
CASSDGTDTGELFF,LIHC
CASSIGTGGPYEQYF,LIHC
CASSFGTGTTYEQYF,LIHC
CASSSRPSGRIYEQFF,LIHC
CASSSGSLWEQYF,LIHC
CASSFWGRRGAFF,LIHC
CASEGTGSYEQYF,LIHC
CASSLAQAGGPHDTQYF,LIHC
CASSSIRTDTQYF,LIHC
CASSLVLLSYEQYF,LIHC
CSGLPGQGVDEQFF,LIHC
CASSDSLSENNEQFF,LIHC
CASSLRDRAHEQYF,LIHC
CASSLNANEQFF,LIHC
CAISESATRQETQYF,LIHC
CAGASGSGNEQFF,LIHC
CASSLEGGSIGEQFF,LIHC
CASSQAASGVSYEQYF,LIHC
CASSLGLNQPQHF,LIHC
CASSQTDSKQFF,LIHC
CASSLGYTEAFF,LIHC
CASSAELEIYGYTF,LIHC
CASSLESGMSMETQYF,LIHC
CASSFDRVYEQYF,LIHC
CASSMGTGGSYEQYF,LIHC
CASSLVDNTEAFF,LIHC
CSVRWGATEAFF,LIHC
CASSLEPSPFQPQHF,LIHC
CSVITGGSPYEQYF,LIHC
CASSLDPWSSGRGETQYF,LIHC
CASSLTYGAYEQYF,LIHC
CSVEGGAGITDTQYF,LIHC
CASSRLGIGGEQYF,LIHC
CASSRLASGYNEQFF,LIHC
CASSLSGFDNEQFF,LIHC
CASSQVGGVVEQFF,LIHC
CASSLDGFANEKLFF,LIHC
CASSQAAGTDYEQYF,LIHC
CASSFDASYEQFF,LIHC
CASSPPPEVRKDFQETQYF,LIHC
CASSRRGRGDYGYTF,LIHC
CASSLEGGTDTQYF,LIHC
CASSFNRGQETQYF,LIHC
CASSFWDTGELFF,LIHC
CASSAPLYGYTF,LIHC
CASSQVALLAGATDTQYF,LIHC
CASGSGGEQFF,LIHC
CASSLKRGRLNEAFF,LIHC
CASSTGTSGTDTQYF,LIHC
CASSWTSASYNEQFF,LIHC
CASSLGVREQFF,LIHC
CASSLTDGAYGQYF,LIHC
CASTRREYYEQYF,LIHC
CASSLGASGQETQYF,LIHC
CASSQSLAEPLYEQYF,LIHC
CSVEGVGGESSYNEQFF,LIHC
CASSPQREGLGEQFF,LIHC
CASSYPELNTEAFF,LIHC
CASSQTPGGGKGTQYF,LIHC
CASSSSQVEQYF,LIHC
CASRLTGSTQPQHF,LIHC
CASSFTGVTGELFF,LIHC
CSVGLAGGFYNEQFF,LIHC
CASSSGLAGAEQFF,LIHC
CASRERDTTYGYTF,LIHC
CASTPDGGTEAFF,LIHC
CASSPIEGSNQPQHF,LIHC
CARWSGRAVNEQFF,LIHC
CASSSGSGRADTQYF,LIHC
CASNDLDRGLTGELFF,LIHC
CASSLREANYGYTF,LIHC
CASSFGGGGRFNEQFF,LIHC
CASSLGRLAGDTQYF,LIHC
CASSGDRTRNNEQFF,LIHC
CASSPVGLVPETQYF,LIHC
CSVGAKGATQYF,LIHC
CASSLSSLGHEQFF,LIHC
CASSPGEGDYEQYF,LIHC
CASSLERRAEQYF,LIHC
CSVEGQGSGELFF,LIHC
CASNPGREQFF,LIHC
CSVGRRDTGELFF,LIHC
CASSGKPGLAGGPHEQYF,LIHC
CASSSTGTVNTEAFF,LIHC
CASSLGSSGPGETQYF,LIHC
CASSPAYEQYF,LIHC
CASSFKWSYNSPLHF,LIHC
CSVSGTGASDTQYF,LIHC
CASSLTDGVYEQYF,LIHC
CASSFGEADTQYF,LIHC
CASSLWGGADIAKNIQYF,LIHC
CASSLVGGLGEQYF,LIHC
CASSTGRFPEPQHF,LIHC
CASSLEERAQYF,LIHC
CSVGGRAAETQYF,LIHC
CASSHRGSGSLTDTQYF,LIHC
CASSFDPRRTGSYNEQFF,LIHC
CAGSLTDGAYEQYF,LIHC
CASSLMFGEQYF,LIHC
CASSLPRESTDTQYF,LIHC
CAISPTATRDEQFF,LIHC
CSAGWGNHEQYF,LIHC
CASSLGPVNEQFF,LIHC
CASSLDWVSLAGPYEQYF,LIHC
CASSSELYNEQFF,LIHC
CASSLDLTGGGDEQFF,LIHC
CASSPLADDTQYF,LIHC
CASSLVARSTDTQYF,LIHC
CASSFGQGSNQPQHF,LIHC
CASSPGSPSDTQYF,LIHC
CASSQDSSFSGANVLTF,LIHC
CASSLHRGLSPLHF,LIHC
CASSLSVSPEQYF,LIHC
CASSEGGGLTDTQYF,LIHC
CASSLTGAGYTF,LIHC
CASSLGGGDTQYF,LIHC
CANSLTDGAYEQYF,LIHC
CASRSTGASQPQHF,LIHC
CASSLGLARGYQETQYF,LIHC
CASSPRTAGLREQYF,LIHC
CASTPLRGGGETQYF,LIHC
CAIKGQGPQETQYF,LIHC
CASSPGIAPTNEKLFF,LIHC
CSVATLRPWSRQEQFF,LIHC
CSVSQGRAEAFF,LIHC
CAISEYEGDQPQHF,LIHC
CASVLGDLRGHEQFF,LIHC
CASSLGLAGTGETQYF,LIHC
CASSSTTGRNSPLHF,LIHC
CASSPPGRYEQYF,LIHC
CASSTGGTTEAFF,LIHC
CATTGLAGVYKSYEQYF,LIHC
CASSDGRNTNTGELFF,LIHC
CSVIHGRGIQYF,LIHC
CASSLGVSNNEQFF,LIHC
CASSQDRNEQYF,LIHC
CASAQGQSQETQYF,LIHC
CASSLVGRGTGELFF,LIHC
CASSYFLSGELFF,LIHC
CASSTSLAGGYNEQFF,LIHC
CSALRDYNEQFF,LIHC
CASSPGTALYF,LIHC
CSVEDPGGSSYEQYF,LIHC
CASSQTPGGGKEAQYF,LIHC
